,precision,recall,f1-score,support
with_mask,0.9750889679715302,0.9803220035778175,0.9776984834968778,559.0
without_mask,0.9807692307692307,0.9756521739130435,0.978204010462075,575.0
accuracy,0.9779541446208113,0.9779541446208113,0.9779541446208113,0.9779541446208113
macro avg,0.9779290993703804,0.9779870887454305,0.9779512469794764,1134.0
weighted avg,0.9779691717710696,0.9779541446208113,0.9779548133072731,1134.0
